<?xml version="1.0" encoding="UTF-8"?>
<project-private xmlns="http://www.netbeans.org/ns/project-private/1">
    <editor-bookmarks xmlns="http://www.netbeans.org/ns/editor-bookmarks/2" lastBookmarkId="0"/>
    <open-files xmlns="http://www.netbeans.org/ns/projectui-open-files/2">
        <group>
            <file>file:/D:/FPTU/3.%20Fall24/3.%20CSD201/Online/PE_OnClass/Viet_Nguyen_BST/src/BSTree.java</file>
            <file>file:/D:/FPTU/3.%20Fall24/3.%20CSD201/Online/PE_OnClass/Viet_Nguyen_BST/src/Main.java</file>
        </group>
    </open-files>
</project-private>
